<?xml version="1.0" encoding="UTF-8"?>
<Configuration status="warn">
    <Appenders>
        <Console name="console" target="SYSTEM_OUT">
            <PatternLayout
                    pattern="[%-5level] %d{yyyyMMdd-HHmmss} [%t] %M- %msg%n" />
        </Console>
        <RollingFile name="rollingfile" fileName="/Users/wessam.abdelsalam/Documents/Fawry Work/Automation/PromoLoyaltyTA/test-output/logs/PromoLoyaltyAutomation.log"
                     filePattern="/Users/wessam.abdelsalam/Documents/Fawry Work/Automation/PromoLoyaltyTA/test-output/logs/PromoLoyaltyAutomation-%d{yyyyMMddHHmmss}.log">
            <PatternLayout>
                <pattern>[%-5level] %d{yyyy-MM-dd HH:mm:ss} [%t] %M- %msg%n
                </pattern>
            </PatternLayout>
            <Policies>
                <OnStartupTriggeringPolicy />
            </Policies>
        </RollingFile>
    </Appenders>
    <Loggers>
        <Root level="all">
            <AppenderRef ref="console" level="all"/>
            <AppenderRef ref="rollingfile" level="all"/>
        </Root>
    </Loggers>
</Configuration>